<?xml version="1.0" encoding="UTF-8"?>

  <!--  

test comment for display

 -->
<Observation xmlns="http://hl7.org/fhir">
  <id value="example"/>
  <meta>
    <profile value="http://somewhere.org/fhir/uv/myig/StructureDefinition/myObservation"/>
  </meta>
  <text>
    <status value="generated"/><div xmlns="http://www.w3.org/1999/xhtml"><div xml:lang="en" lang="en"><hr/><p><b>English</b></p><hr/><p class="res-header-id"><b>Generated Narrative: Observation example</b></p><a name="example"> </a><a name="hcexample"> </a><a name="example-en"> </a><p><b>status</b>: Final</p><p><b>subject</b>: <a href="Patient-example.html">Jack Smith  (no stated gender), DoB: 2018-09-07</a></p><p><b>code</b>: <span title="Codes:{http://somewhere.org/fhir/uv/myig/CodeSystem/cs-fake 01}, {http://somewhere.org/fhir/uv/myig/CodeSystem/cs-fake 01}, {http://somewhere.org/fhir/uv/myig/CodeSystem/cs-fake 01}, {http://loinc.org 85354-9}, {http://somewhere.org/fhir/uv/myig/CodeSystem/cs-fake 01}">CS1</span></p><blockquote><p><b>component</b></p><p><b>code</b>: <span title="Codes:{http://loinc.org 8480-6}">Systolic blood pressure</span></p><p><b>value</b>: 1 mm[Hg]<span style="background: LightGoldenRodYellow"> (Details: UCUM  codemm[Hg] = 'mm[Hg]')</span></p></blockquote><blockquote><p><b>component</b></p><p><b>code</b>: <span title="Codes:{http://loinc.org 8462-4}">Diastolic blood pressure</span></p><p><b>value</b>: 1 mm[Hg]<span style="background: LightGoldenRodYellow"> (Details: UCUM  codemm[Hg] = 'mm[Hg]')</span></p></blockquote></div><div xml:lang="de" lang="de"><hr/><p><b>German</b></p><hr/><p class="res-header-id"><b>Generated Narrative: Observation example</b></p><a name="example-de"> </a><p><b>status</b>: Final</p><p><b>subject</b>: <a href="Patient-example.html">Jack Smith  (no stated gender), DoB: 2018-09-07</a></p><p><b>code</b>: <span title="Codes:{http://somewhere.org/fhir/uv/myig/CodeSystem/cs-fake 01}, {http://somewhere.org/fhir/uv/myig/CodeSystem/cs-fake 01}, {http://somewhere.org/fhir/uv/myig/CodeSystem/cs-fake 01}, {http://loinc.org 85354-9}, {http://somewhere.org/fhir/uv/myig/CodeSystem/cs-fake 01}">CS1</span></p><blockquote><p><b>component</b></p><p><b>code</b>: <span title="Codes:{http://loinc.org 8480-6}">Systolic blood pressure</span></p><p><b>value</b>: 1 mm[Hg]<span style="background: LightGoldenRodYellow"> (Details: UCUM  codemm[Hg] = 'mm[Hg]')</span></p></blockquote><blockquote><p><b>component</b></p><p><b>code</b>: <span title="Codes:{http://loinc.org 8462-4}">Diastolic blood pressure</span></p><p><b>value</b>: 1 mm[Hg]<span style="background: LightGoldenRodYellow"> (Details: UCUM  codemm[Hg] = 'mm[Hg]')</span></p></blockquote></div><div xml:lang="fr" lang="fr"><hr/><p><b>French</b></p><hr/><p class="res-header-id"><b>Generated Narrative: Observation example</b></p><a name="example-fr"> </a><p><b>status</b>: Final</p><p><b>subject</b>: <a href="Patient-example.html">Jack Smith  (no stated gender), DoB: 2018-09-07</a></p><p><b>code</b>: <span title="Codes:{http://somewhere.org/fhir/uv/myig/CodeSystem/cs-fake 01}, {http://somewhere.org/fhir/uv/myig/CodeSystem/cs-fake 01}, {http://somewhere.org/fhir/uv/myig/CodeSystem/cs-fake 01}, {http://loinc.org 85354-9}, {http://somewhere.org/fhir/uv/myig/CodeSystem/cs-fake 01}">CS1</span></p><blockquote><p><b>component</b></p><p><b>code</b>: <span title="Codes:{http://loinc.org 8480-6}">Systolic blood pressure</span></p><p><b>value</b>: 1 mm[Hg]<span style="background: LightGoldenRodYellow"> (Details: UCUM  codemm[Hg] = 'mm[Hg]')</span></p></blockquote><blockquote><p><b>component</b></p><p><b>code</b>: <span title="Codes:{http://loinc.org 8462-4}">Diastolic blood pressure</span></p><p><b>value</b>: 1 mm[Hg]<span style="background: LightGoldenRodYellow"> (Details: UCUM  codemm[Hg] = 'mm[Hg]')</span></p></blockquote></div></div>
  </text>
  <status value="final"/>
  <subject>
    <reference value="http://somewhere.else.org/pas/server/Patient/example"/>
  </subject>
  <code>
    <coding>
      <system value="http://somewhere.org/fhir/uv/myig/CodeSystem/cs-fake"/>
      <code value="01"/>
      <display value="CS1"/>
    </coding>
    <coding>
      <system value="http://somewhere.org/fhir/uv/myig/CodeSystem/cs-fake"/>
      <code value="01"/>
      <display value="CS2"/>
    </coding>
    <coding>
      <system value="http://somewhere.org/fhir/uv/myig/CodeSystem/cs-fake"/>
      <code value="01"/>
      <display value="VS1"/>
    </coding>
    <coding>
      <system value="http://loinc.org"/>
      <code value="85354-9"/>
    </coding>
    <coding>
      <system value="http://somewhere.org/fhir/uv/myig/CodeSystem/cs-fake"/>
      <code value="01"/>
      <display value="VS2"/>
    </coding>
  </code>
  <component>
    <code>
      <coding>
        <system value="http://loinc.org"/>
        <code value="8480-6"/>
      </coding>
    </code>
    <valueQuantity>
      <value value="1"/>
      <system value="http://unitsofmeasure.org"/>
      <code value="mm[Hg]"/>
    </valueQuantity>
  </component>
  <component>
    <code>
      <coding>
        <system value="http://loinc.org"/>
        <code value="8462-4"/>
      </coding>
    </code>
    <valueQuantity>
      <value value="1"/>
      <system value="http://unitsofmeasure.org"/>
      <code value="mm[Hg]"/>
    </valueQuantity>
  </component>
</Observation>