<?xml version="1.0" encoding="UTF-8"?><Basic xmlns="http://hl7.org/fhir"><id value="example"/><text><status value="generated"/><div xmlns="http://www.w3.org/1999/xhtml"><div xml:lang="en" lang="en"><hr/><p><b>English</b></p><hr/><p class="res-header-id"><b>Generated Narrative: ActorDefinition example</b></p><a name="example"> </a><a name="hcexample"> </a><a name="example-en"> </a><table class="grid"><tr><td><b>Actor: ExampleServer </b></td><td>Example Server</td><td>Type: system </td></tr><tr><td colspan="3"/></tr></table></div><div xml:lang="de" lang="de"><hr/><p><b>German</b></p><hr/><p class="res-header-id"><b>Generated Narrative: ActorDefinition example</b></p><a name="example"> </a><a name="hcexample"> </a><a name="example-de"> </a><table class="grid"><tr><td><b>Actor: ExampleServer </b></td><td>Example Server</td><td>Type: system </td></tr><tr><td colspan="3"/></tr></table></div><div xml:lang="fr" lang="fr"><hr/><p><b>French</b></p><hr/><p class="res-header-id"><b>Generated Narrative: ActorDefinition example</b></p><a name="example"> </a><a name="hcexample"> </a><a name="example-fr"> </a><table class="grid"><tr><td><b>Actor: ExampleServer </b></td><td>Example Server</td><td>Type: system </td></tr><tr><td colspan="3"/></tr></table></div></div></text><extension url="http://hl7.org/fhir/tools/StructureDefinition/ig-actor-example-url"><valueUrl value="http://somewhere.else.org/pas/server"/></extension><extension url="http://hl7.org/fhir/StructureDefinition/structuredefinition-fmm"><valueInteger value="1"><extension url="http://hl7.org/fhir/StructureDefinition/structuredefinition-conformance-derivedFrom"><valueCanonical value="http://somewhere.org/fhir/uv/myig/ImplementationGuide/example.fhir.uv.myig"/></extension></valueInteger></extension><extension url="http://hl7.org/fhir/StructureDefinition/structuredefinition-standards-status"><valueCode value="informative"><extension url="http://hl7.org/fhir/StructureDefinition/structuredefinition-conformance-derivedFrom"><valueCanonical value="http://somewhere.org/fhir/uv/myig/ImplementationGuide/example.fhir.uv.myig"/></extension></valueCode></extension><extension url="http://hl7.org/fhir/5.0/StructureDefinition/extension-ActorDefinition.url"><valueUri value="http://somewhere.org/fhir/uv/myig/ActorDefinition/example"/></extension><extension url="http://hl7.org/fhir/5.0/StructureDefinition/extension-ActorDefinition.version"><valueString value="0.2.0"/></extension><extension url="http://hl7.org/fhir/5.0/StructureDefinition/extension-ActorDefinition.name"><valueString value="ExampleServer"/></extension><extension url="http://hl7.org/fhir/5.0/StructureDefinition/extension-ActorDefinition.title"><valueString value="Example Server"/></extension><extension url="http://hl7.org/fhir/5.0/StructureDefinition/extension-ActorDefinition.status"><valueCode value="active"/></extension><extension url="http://hl7.org/fhir/5.0/StructureDefinition/extension-ActorDefinition.date"><valueDateTime value="2021-11-02T14:31:30.239Z"/></extension><extension url="http://hl7.org/fhir/5.0/StructureDefinition/extension-ActorDefinition.publisher"><valueString value="HL7 International - [Some] Work Group"/></extension><extension url="http://hl7.org/fhir/5.0/StructureDefinition/extension-ActorDefinition.contact"><valueContactDetail><telecom><system value="url"/><value value="http://hl7.org/Special/committees/[something]"/></telecom></valueContactDetail></extension><extension url="http://hl7.org/fhir/5.0/StructureDefinition/extension-ActorDefinition.description"><valueMarkdown value="Client Actor"/></extension><extension url="http://hl7.org/fhir/5.0/StructureDefinition/extension-ActorDefinition.jurisdiction"><valueCodeableConcept><coding><system value="http://unstats.un.org/unsd/methods/m49/m49.htm"/><code value="001"/></coding></valueCodeableConcept></extension><extension url="http://hl7.org/fhir/5.0/StructureDefinition/extension-ActorDefinition.type"><valueCode value="system"/></extension><code><coding><system value="http://hl7.org/fhir/fhir-types"/><code value="ActorDefinition"/></coding></code></Basic>