{
  "resourceType" : "Bundle",
  "id" : "af0032cf-1332-42fc-85a7-69f7bde0448f",
  "meta" : {
    "lastUpdated" : "2025-01-31T06:52:18.200-05:00"
  },
  "type" : "collection",
  "entry" : [{
    "fullUrl" : "http://somewhere.org/fhir/uv/myig/ValueSet/valueset-fake",
    "resource" : {
      "resourceType" : "ValueSet",
      "text" : {
        "status" : "generated",
        "div" : "<div xmlns=\"http://www.w3.org/1999/xhtml\"><p class=\"res-header-id\"><b>Generated Narrative: ValueSet </b></p><p style=\"border: black 1px dotted; background-color: #EEEEEE; padding: 8px; margin-bottom: 8px\">Expansion done internally based on <a href=\"CodeSystem-cs-fake.html\">codesystem CodeSystem fake v0.2.0 (CodeSystem)</a></p><p>This value set contains 1 concepts</p><table class=\"codes\"><tr><td style=\"white-space:nowrap\"><b>Code</b></td><td><b>System</b></td><td><b>Display</b></td></tr><tr><td style=\"white-space:nowrap\"><a name=\"x-http://somewhere.org/fhir/uv/myig/CodeSystem/cs-fake-01\"> </a>\u00a0\u00a0<a href=\"CodeSystem-cs-fake.html#cs-fake-01\">01</a></td><td>http://somewhere.org/fhir/uv/myig/CodeSystem/cs-fake</td><td>VS1</td></tr></table></div>"
      },
      "url" : "http://somewhere.org/fhir/uv/myig/ValueSet/valueset-fake",
      "version" : "0.2.0",
      "name" : "ValueSetFake",
      "title" : "ValueSet fake",
      "status" : "draft",
      "experimental" : true,
      "date" : "2015-06-22",
      "jurisdiction" : [{
        "coding" : [{
          "system" : "http://unstats.un.org/unsd/methods/m49/m49.htm",
          "code" : "001"
        }]
      }],
      "expansion" : {
        "identifier" : "urn:uuid:31e8eecb-5c3d-4990-b221-3904ff270ce8",
        "timestamp" : "2025-01-31T06:53:05-05:00",
        "total" : 1,
        "offset" : 0,
        "parameter" : [{
          "name" : "count",
          "valueInteger" : 1000
        },
        {
          "name" : "offset",
          "valueInteger" : 0
        },
        {
          "name" : "excludeNested",
          "valueBoolean" : false
        },
        {
          "name" : "used-codesystem",
          "valueUri" : "http://somewhere.org/fhir/uv/myig/CodeSystem/cs-fake|0.2.0"
        }],
        "contains" : [{
          "system" : "http://somewhere.org/fhir/uv/myig/CodeSystem/cs-fake",
          "code" : "01",
          "display" : "VS1"
        }]
      }
    }
  }]
}