{
  "resourceType" : "Basic",
  "id" : "example",
  "text" : {
    "status" : "generated",
    "div" : "<div xmlns=\"http://www.w3.org/1999/xhtml\"><div xml:lang=\"en\" lang=\"en\"><hr/><p><b>English</b></p><hr/><p class=\"res-header-id\"><b>Generated Narrative: ActorDefinition example</b></p><a name=\"example\"> </a><a name=\"hcexample\"> </a><a name=\"example-en\"> </a><table class=\"grid\"><tr><td><b>Actor: ExampleServer </b></td><td>Example Server</td><td>Type: system </td></tr><tr><td colspan=\"3\"/></tr></table></div><div xml:lang=\"de\" lang=\"de\"><hr/><p><b>German</b></p><hr/><p class=\"res-header-id\"><b>Generated Narrative: ActorDefinition example</b></p><a name=\"example\"> </a><a name=\"hcexample\"> </a><a name=\"example-de\"> </a><table class=\"grid\"><tr><td><b>Actor: ExampleServer </b></td><td>Example Server</td><td>Type: system </td></tr><tr><td colspan=\"3\"/></tr></table></div><div xml:lang=\"fr\" lang=\"fr\"><hr/><p><b>French</b></p><hr/><p class=\"res-header-id\"><b>Generated Narrative: ActorDefinition example</b></p><a name=\"example\"> </a><a name=\"hcexample\"> </a><a name=\"example-fr\"> </a><table class=\"grid\"><tr><td><b>Actor: ExampleServer </b></td><td>Example Server</td><td>Type: system </td></tr><tr><td colspan=\"3\"/></tr></table></div></div>"
  },
  "extension" : [{
    "url" : "http://hl7.org/fhir/tools/StructureDefinition/ig-actor-example-url",
    "valueUrl" : "http://somewhere.else.org/pas/server"
  },
  {
    "url" : "http://hl7.org/fhir/StructureDefinition/structuredefinition-fmm",
    "valueInteger" : 1,
    "_valueInteger" : {
      "extension" : [{
        "url" : "http://hl7.org/fhir/StructureDefinition/structuredefinition-conformance-derivedFrom",
        "valueCanonical" : "http://somewhere.org/fhir/uv/myig/ImplementationGuide/example.fhir.uv.myig"
      }]
    }
  },
  {
    "url" : "http://hl7.org/fhir/StructureDefinition/structuredefinition-standards-status",
    "valueCode" : "informative",
    "_valueCode" : {
      "extension" : [{
        "url" : "http://hl7.org/fhir/StructureDefinition/structuredefinition-conformance-derivedFrom",
        "valueCanonical" : "http://somewhere.org/fhir/uv/myig/ImplementationGuide/example.fhir.uv.myig"
      }]
    }
  },
  {
    "url" : "http://hl7.org/fhir/5.0/StructureDefinition/extension-ActorDefinition.url",
    "valueUri" : "http://somewhere.org/fhir/uv/myig/ActorDefinition/example"
  },
  {
    "url" : "http://hl7.org/fhir/5.0/StructureDefinition/extension-ActorDefinition.version",
    "valueString" : "0.2.0"
  },
  {
    "url" : "http://hl7.org/fhir/5.0/StructureDefinition/extension-ActorDefinition.name",
    "valueString" : "ExampleServer"
  },
  {
    "url" : "http://hl7.org/fhir/5.0/StructureDefinition/extension-ActorDefinition.title",
    "valueString" : "Example Server"
  },
  {
    "url" : "http://hl7.org/fhir/5.0/StructureDefinition/extension-ActorDefinition.status",
    "valueCode" : "active"
  },
  {
    "url" : "http://hl7.org/fhir/5.0/StructureDefinition/extension-ActorDefinition.date",
    "valueDateTime" : "2021-11-02T14:31:30.239Z"
  },
  {
    "url" : "http://hl7.org/fhir/5.0/StructureDefinition/extension-ActorDefinition.publisher",
    "valueString" : "HL7 International - [Some] Work Group"
  },
  {
    "url" : "http://hl7.org/fhir/5.0/StructureDefinition/extension-ActorDefinition.contact",
    "valueContactDetail" : {
      "telecom" : [{
        "system" : "url",
        "value" : "http://hl7.org/Special/committees/[something]"
      }]
    }
  },
  {
    "url" : "http://hl7.org/fhir/5.0/StructureDefinition/extension-ActorDefinition.description",
    "valueMarkdown" : "Client Actor"
  },
  {
    "url" : "http://hl7.org/fhir/5.0/StructureDefinition/extension-ActorDefinition.jurisdiction",
    "valueCodeableConcept" : {
      "coding" : [{
        "system" : "http://unstats.un.org/unsd/methods/m49/m49.htm",
        "code" : "001"
      }]
    }
  },
  {
    "url" : "http://hl7.org/fhir/5.0/StructureDefinition/extension-ActorDefinition.type",
    "valueCode" : "system"
  }],
  "code" : {
    "coding" : [{
      "system" : "http://hl7.org/fhir/fhir-types",
      "code" : "ActorDefinition"
    }]
  }
}