<?xml version="1.0" encoding="UTF-8"?>
<library xmlns="urn:hl7-org:elm:r1" xmlns:t="urn:hl7-org:elm-types:r1" xmlns:xsi="http://www.w3.org/2001/XMLSchema-instance" xmlns:xsd="http://www.w3.org/2001/XMLSchema" xmlns:fhir="http://hl7.org/fhir" xmlns:qdm43="urn:healthit-gov:qdm:v4_3" xmlns:qdm53="urn:healthit-gov:qdm:v5_3" xmlns:a="urn:hl7-org:cql-annotations:r1">
   <annotation translatorOptions="EnableAnnotations,EnableLocators,DisableListDemotion,DisableListPromotion" signatureLevel="None" xsi:type="a:CqlToElmInfo"/>
   <annotation message="The function FHIRHelpers.ToString has multiple overloads and due to the SignatureLevel setting (None), the overload signature is not being included in the output. This may result in ambiguous function resolution at runtime, consider setting the SignatureLevel to Overloads or All to ensure that the output includes sufficient information to support correct overload selection at runtime." errorType="semantic" errorSeverity="warning" xsi:type="a:CqlToElmError"/>
   <annotation message="The function FHIRHelpers.ToInterval has multiple overloads and due to the SignatureLevel setting (None), the overload signature is not being included in the output. This may result in ambiguous function resolution at runtime, consider setting the SignatureLevel to Overloads or All to ensure that the output includes sufficient information to support correct overload selection at runtime." errorType="semantic" errorSeverity="warning" xsi:type="a:CqlToElmError"/>
   <annotation message="The function FHIRHelpers.ToString has multiple overloads and due to the SignatureLevel setting (None), the overload signature is not being included in the output. This may result in ambiguous function resolution at runtime, consider setting the SignatureLevel to Overloads or All to ensure that the output includes sufficient information to support correct overload selection at runtime." errorType="semantic" errorSeverity="warning" xsi:type="a:CqlToElmError"/>
   <annotation message="The function FHIRHelpers.ToInterval has multiple overloads and due to the SignatureLevel setting (None), the overload signature is not being included in the output. This may result in ambiguous function resolution at runtime, consider setting the SignatureLevel to Overloads or All to ensure that the output includes sufficient information to support correct overload selection at runtime." errorType="semantic" errorSeverity="warning" xsi:type="a:CqlToElmError"/>
   <annotation message="The function FHIRHelpers.ToDateTime has multiple overloads and due to the SignatureLevel setting (None), the overload signature is not being included in the output. This may result in ambiguous function resolution at runtime, consider setting the SignatureLevel to Overloads or All to ensure that the output includes sufficient information to support correct overload selection at runtime." errorType="semantic" errorSeverity="warning" xsi:type="a:CqlToElmError"/>
   <annotation message="The function FHIRHelpers.ToDateTime has multiple overloads and due to the SignatureLevel setting (None), the overload signature is not being included in the output. This may result in ambiguous function resolution at runtime, consider setting the SignatureLevel to Overloads or All to ensure that the output includes sufficient information to support correct overload selection at runtime." errorType="semantic" errorSeverity="warning" xsi:type="a:CqlToElmError"/>
   <annotation xsi:type="a:Annotation">
      <a:s r="65">
         <a:s>library example version '1.0.0'</a:s>
      </a:s>
   </annotation>
   <identifier id="example" system="http://somewhere.org/fhir/uv/myig" version="1.0.0"/>
   <schemaIdentifier id="urn:hl7-org:elm" version="r1"/>
   <usings>
      <def localIdentifier="System" uri="urn:hl7-org:elm-types:r1"/>
      <def localId="1" locator="3:1-3:26" localIdentifier="FHIR" uri="http://hl7.org/fhir" version="4.0.1">
         <annotation xsi:type="a:Annotation">
            <a:s r="1">
               <a:s>using </a:s>
               <a:s>
                  <a:s>FHIR</a:s>
               </a:s>
               <a:s> version '4.0.1'</a:s>
            </a:s>
         </annotation>
      </def>
   </usings>
   <includes>
      <def localId="2" locator="5:1-5:51" localIdentifier="FHIRHelpers" path="http://fhir.org/guides/cqf/common/FHIRHelpers" version="4.0.1">
         <annotation xsi:type="a:Annotation">
            <a:s r="2">
               <a:s>include </a:s>
               <a:s>
                  <a:s>fhir.cqf.common.FHIRHelpers</a:s>
               </a:s>
               <a:s> version '4.0.1'</a:s>
            </a:s>
         </annotation>
      </def>
   </includes>
   <parameters>
      <def localId="13" locator="18:1-18:49" name="Measurement Period" accessLevel="Public">
         <annotation xsi:type="a:Annotation">
            <a:s r="13">
               <a:s>parameter &quot;Measurement Period&quot; </a:s>
               <a:s r="12">
                  <a:s>Interval&lt;</a:s>
                  <a:s r="11">
                     <a:s>DateTime</a:s>
                  </a:s>
                  <a:s>></a:s>
               </a:s>
            </a:s>
         </annotation>
         <parameterTypeSpecifier localId="12" locator="18:32-18:49" xsi:type="IntervalTypeSpecifier">
            <pointType localId="11" locator="18:41-18:48" name="t:DateTime" xsi:type="NamedTypeSpecifier"/>
         </parameterTypeSpecifier>
      </def>
   </parameters>
   <codeSystems>
      <def localId="3" locator="7:1-7:101" name="Observation Category Codes" id="http://terminology.hl7.org/CodeSystem/observation-category" accessLevel="Public">
         <annotation xsi:type="a:Annotation">
            <a:s r="3">
               <a:s>codesystem &quot;Observation Category Codes&quot;: 'http://terminology.hl7.org/CodeSystem/observation-category'</a:s>
            </a:s>
         </annotation>
      </def>
   </codeSystems>
   <valueSets>
      <def localId="4" locator="9:1-9:100" name="Encounter Inpatient" id="http://cts.nlm.nih.gov/fhir/ValueSet/2.16.840.1.113883.3.666.5.307" accessLevel="Public">
         <annotation xsi:type="a:Annotation">
            <a:s r="4">
               <a:s>valueset &quot;Encounter Inpatient&quot;: 'http://cts.nlm.nih.gov/fhir/ValueSet/2.16.840.1.113883.3.666.5.307'</a:s>
            </a:s>
         </annotation>
      </def>
      <def localId="5" locator="10:1-10:111" name="Emergency Department Visit" id="http://cts.nlm.nih.gov/fhir/ValueSet/2.16.840.1.113883.3.117.1.7.1.292" accessLevel="Public">
         <annotation xsi:type="a:Annotation">
            <a:s r="5">
               <a:s>valueset &quot;Emergency Department Visit&quot;: 'http://cts.nlm.nih.gov/fhir/ValueSet/2.16.840.1.113883.3.117.1.7.1.292'</a:s>
            </a:s>
         </annotation>
      </def>
      <def localId="6" locator="11:1-11:112" name="Telephone Evaluation" id="http://cts.nlm.nih.gov/fhir/ValueSet/2.16.840.1.113883.3.464.1003.101.12.1082" accessLevel="Public">
         <annotation xsi:type="a:Annotation">
            <a:s r="6">
               <a:s>valueset &quot;Telephone Evaluation&quot;: 'http://cts.nlm.nih.gov/fhir/ValueSet/2.16.840.1.113883.3.464.1003.101.12.1082'</a:s>
            </a:s>
         </annotation>
      </def>
      <def localId="7" locator="12:1-12:112" name="Telephone Management" id="http://cts.nlm.nih.gov/fhir/ValueSet/2.16.840.1.113883.3.464.1003.101.12.1053" accessLevel="Public">
         <annotation xsi:type="a:Annotation">
            <a:s r="7">
               <a:s>valueset &quot;Telephone Management&quot;: 'http://cts.nlm.nih.gov/fhir/ValueSet/2.16.840.1.113883.3.464.1003.101.12.1053'</a:s>
            </a:s>
         </annotation>
      </def>
      <def localId="8" locator="14:1-14:43" name="COVID-19 Screening Result" id="TBD" accessLevel="Public">
         <annotation xsi:type="a:Annotation">
            <a:s r="8">
               <a:s>valueset &quot;COVID-19 Screening Result&quot;: 'TBD'</a:s>
            </a:s>
         </annotation>
      </def>
   </valueSets>
   <codes>
      <def localId="10" locator="16:1-16:86" name="Laboratory Observation Category" id="laboratory" accessLevel="Public">
         <annotation xsi:type="a:Annotation">
            <a:s r="10">
               <a:s>code &quot;Laboratory Observation Category&quot;: 'laboratory' from </a:s>
               <a:s r="9">
                  <a:s>&quot;Observation Category Codes&quot;</a:s>
               </a:s>
            </a:s>
         </annotation>
         <codeSystem localId="9" locator="16:59-16:86" name="Observation Category Codes"/>
      </def>
   </codes>
   <contexts>
      <def locator="20:1-20:15" name="Patient"/>
   </contexts>
   <statements>
      <def locator="20:1-20:15" name="Patient" context="Patient">
         <expression xsi:type="SingletonFrom">
            <operand locator="20:1-20:15" dataType="fhir:Patient" templateId="http://hl7.org/fhir/StructureDefinition/Patient" xsi:type="Retrieve"/>
         </expression>
      </def>
      <def localId="33" locator="22:1-30:54" name="Inpatient, Emergency, or Telephone Evaluation or Management Encounter" context="Patient" accessLevel="Public">
         <annotation xsi:type="a:Annotation">
            <a:s r="33">
               <a:s>define &quot;Inpatient, Emergency, or Telephone Evaluation or Management Encounter&quot;:
  </a:s>
               <a:s r="32">
                  <a:s>
                     <a:s r="22">
                        <a:s r="21">
                           <a:s>(
    </a:s>
                           <a:s r="21">
                              <a:s r="18">
                                 <a:s r="16">
                                    <a:s r="14">
                                       <a:s>[Encounter: </a:s>
                                       <a:s>
                                          <a:s>&quot;Encounter Inpatient&quot;</a:s>
                                       </a:s>
                                       <a:s>]</a:s>
                                    </a:s>
                                    <a:s>
      union </a:s>
                                    <a:s r="15">
                                       <a:s>[Encounter: </a:s>
                                       <a:s>
                                          <a:s>&quot;Emergency Department Visit&quot;</a:s>
                                       </a:s>
                                       <a:s>]</a:s>
                                    </a:s>
                                 </a:s>
                                 <a:s>
      union </a:s>
                                 <a:s r="17">
                                    <a:s>[Encounter: </a:s>
                                    <a:s>
                                       <a:s>&quot;Telephone Evaluation&quot;</a:s>
                                    </a:s>
                                    <a:s>]</a:s>
                                 </a:s>
                              </a:s>
                              <a:s>
      union </a:s>
                              <a:s r="19">
                                 <a:s>[Encounter: </a:s>
                                 <a:s>
                                    <a:s>&quot;Telephone Management&quot;</a:s>
                                 </a:s>
                                 <a:s>]</a:s>
                              </a:s>
                           </a:s>
                           <a:s>
  )</a:s>
                        </a:s>
                        <a:s> Encounter</a:s>
                     </a:s>
                  </a:s>
                  <a:s>
    </a:s>
                  <a:s r="31">
                     <a:s>where </a:s>
                     <a:s r="31">
                        <a:s r="26">
                           <a:s r="24">
                              <a:s r="23">
                                 <a:s>Encounter</a:s>
                              </a:s>
                              <a:s>.</a:s>
                              <a:s r="24">
                                 <a:s>status</a:s>
                              </a:s>
                           </a:s>
                           <a:s> = </a:s>
                           <a:s r="25">
                              <a:s>'finished'</a:s>
                           </a:s>
                        </a:s>
                        <a:s>
      and </a:s>
                        <a:s r="30">
                           <a:s r="28">
                              <a:s r="27">
                                 <a:s>Encounter</a:s>
                              </a:s>
                              <a:s>.</a:s>
                              <a:s r="28">
                                 <a:s>period</a:s>
                              </a:s>
                           </a:s>
                           <a:s r="30"> during </a:s>
                           <a:s r="29">
                              <a:s>&quot;Measurement Period&quot;</a:s>
                           </a:s>
                        </a:s>
                     </a:s>
                  </a:s>
               </a:s>
            </a:s>
         </annotation>
         <expression localId="32" locator="23:3-30:54" xsi:type="Query">
            <source localId="22" locator="23:3-28:13" alias="Encounter">
               <expression localId="21" locator="23:3-28:3" xsi:type="Union">
                  <operand localId="16" locator="24:5-25:53" xsi:type="Union">
                     <operand localId="14" locator="24:5-24:38" dataType="fhir:Encounter" templateId="http://hl7.org/fhir/StructureDefinition/Encounter" codeProperty="type" codeComparator="in" xsi:type="Retrieve">
                        <codes locator="24:17-24:37" name="Encounter Inpatient" preserve="true" xsi:type="ValueSetRef"/>
                     </operand>
                     <operand localId="15" locator="25:13-25:53" dataType="fhir:Encounter" templateId="http://hl7.org/fhir/StructureDefinition/Encounter" codeProperty="type" codeComparator="in" xsi:type="Retrieve">
                        <codes locator="25:25-25:52" name="Emergency Department Visit" preserve="true" xsi:type="ValueSetRef"/>
                     </operand>
                  </operand>
                  <operand localId="20" xsi:type="Union">
                     <operand localId="17" locator="26:13-26:47" dataType="fhir:Encounter" templateId="http://hl7.org/fhir/StructureDefinition/Encounter" codeProperty="type" codeComparator="in" xsi:type="Retrieve">
                        <codes locator="26:25-26:46" name="Telephone Evaluation" preserve="true" xsi:type="ValueSetRef"/>
                     </operand>
                     <operand localId="19" locator="27:13-27:47" dataType="fhir:Encounter" templateId="http://hl7.org/fhir/StructureDefinition/Encounter" codeProperty="type" codeComparator="in" xsi:type="Retrieve">
                        <codes locator="27:25-27:46" name="Telephone Management" preserve="true" xsi:type="ValueSetRef"/>
                     </operand>
                  </operand>
               </expression>
            </source>
            <where localId="31" locator="29:5-30:54" xsi:type="And">
               <operand localId="26" locator="29:11-29:39" xsi:type="Equal">
                  <operand name="ToString" libraryName="FHIRHelpers" xsi:type="FunctionRef">
                     <operand localId="24" locator="29:11-29:26" path="status" scope="Encounter" xsi:type="Property"/>
                  </operand>
                  <operand localId="25" locator="29:30-29:39" valueType="t:String" value="finished" xsi:type="Literal"/>
               </operand>
               <operand localId="30" locator="30:11-30:54" xsi:type="IncludedIn">
                  <operand name="ToInterval" libraryName="FHIRHelpers" xsi:type="FunctionRef">
                     <operand localId="28" locator="30:11-30:26" path="period" scope="Encounter" xsi:type="Property"/>
                  </operand>
                  <operand localId="29" locator="30:35-30:54" name="Measurement Period" xsi:type="ParameterRef"/>
               </operand>
            </where>
         </expression>
      </def>
      <def localId="36" locator="32:1-33:82" name="Initial Population" context="Patient" accessLevel="Public">
         <annotation xsi:type="a:Annotation">
            <a:s r="36">
               <a:s>define &quot;Initial Population&quot;:
  </a:s>
               <a:s r="35">
                  <a:s>exists </a:s>
                  <a:s r="34">
                     <a:s>(</a:s>
                     <a:s r="34">
                        <a:s>&quot;Inpatient, Emergency, or Telephone Evaluation or Management Encounter&quot;</a:s>
                     </a:s>
                     <a:s>)</a:s>
                  </a:s>
               </a:s>
            </a:s>
         </annotation>
         <expression localId="35" locator="33:3-33:82" xsi:type="Exists">
            <operand localId="34" locator="33:10-33:82" name="Inpatient, Emergency, or Telephone Evaluation or Management Encounter" xsi:type="ExpressionRef"/>
         </expression>
      </def>
      <def localId="38" locator="35:1-36:6" name="Denominator" context="Patient" accessLevel="Public">
         <annotation xsi:type="a:Annotation">
            <a:s r="38">
               <a:s r="37">define &quot;Denominator&quot;:
  true</a:s>
            </a:s>
         </annotation>
         <expression localId="37" locator="36:3-36:6" valueType="t:Boolean" value="true" xsi:type="Literal"/>
      </def>
      <def localId="62" locator="38:1-42:54" name="COVID-19 Communicable Disease Screening" context="Patient" accessLevel="Public">
         <annotation xsi:type="a:Annotation">
            <a:s r="62">
               <a:s>define &quot;COVID-19 Communicable Disease Screening&quot;:
  </a:s>
               <a:s r="61">
                  <a:s>
                     <a:s r="40">
                        <a:s r="39">
                           <a:s r="39">
                              <a:s>[Observation: </a:s>
                              <a:s>
                                 <a:s>&quot;COVID-19 Screening Result&quot;</a:s>
                              </a:s>
                              <a:s>]</a:s>
                           </a:s>
                        </a:s>
                        <a:s> Result</a:s>
                     </a:s>
                  </a:s>
                  <a:s>
    </a:s>
                  <a:s r="60">
                     <a:s>where </a:s>
                     <a:s r="60">
                        <a:s r="55">
                           <a:s r="47">
                              <a:s>exists </a:s>
                              <a:s r="46">
                                 <a:s>(</a:s>
                                 <a:s r="46">
                                    <a:s>
                                       <a:s r="42">
                                          <a:s r="41">
                                             <a:s>
                                                <a:s>Result.category</a:s>
                                             </a:s>
                                          </a:s>
                                          <a:s> C</a:s>
                                       </a:s>
                                    </a:s>
                                    <a:s> </a:s>
                                    <a:s r="45">
                                       <a:s>where </a:s>
                                       <a:s r="45">
                                          <a:s r="43">
                                             <a:s>C</a:s>
                                          </a:s>
                                          <a:s> ~ </a:s>
                                          <a:s r="44">
                                             <a:s>&quot;Laboratory Observation Category&quot;</a:s>
                                          </a:s>
                                       </a:s>
                                    </a:s>
                                 </a:s>
                                 <a:s>)</a:s>
                              </a:s>
                           </a:s>
                           <a:s>
      and </a:s>
                           <a:s r="54">
                              <a:s r="49">
                                 <a:s r="48">
                                    <a:s>Result</a:s>
                                 </a:s>
                                 <a:s>.</a:s>
                                 <a:s r="49">
                                    <a:s>status</a:s>
                                 </a:s>
                              </a:s>
                              <a:s> in </a:s>
                              <a:s r="53">
                                 <a:s>{ </a:s>
                                 <a:s r="50">
                                    <a:s>'final'</a:s>
                                 </a:s>
                                 <a:s>, </a:s>
                                 <a:s r="51">
                                    <a:s>'amended'</a:s>
                                 </a:s>
                                 <a:s>, </a:s>
                                 <a:s r="52">
                                    <a:s>'corrected'</a:s>
                                 </a:s>
                                 <a:s> }</a:s>
                              </a:s>
                           </a:s>
                        </a:s>
                        <a:s>
      and </a:s>
                        <a:s r="59">
                           <a:s r="57">
                              <a:s r="56">
                                 <a:s>Result</a:s>
                              </a:s>
                              <a:s>.</a:s>
                              <a:s r="57">
                                 <a:s>effective</a:s>
                              </a:s>
                           </a:s>
                           <a:s r="59"> during </a:s>
                           <a:s r="58">
                              <a:s>&quot;Measurement Period&quot;</a:s>
                           </a:s>
                        </a:s>
                     </a:s>
                  </a:s>
               </a:s>
            </a:s>
         </annotation>
         <expression localId="61" locator="39:3-42:54" xsi:type="Query">
            <source localId="40" locator="39:3-39:51" alias="Result">
               <expression localId="39" locator="39:3-39:44" dataType="fhir:Observation" templateId="http://hl7.org/fhir/StructureDefinition/Observation" codeProperty="code" codeComparator="in" xsi:type="Retrieve">
                  <codes locator="39:17-39:43" name="COVID-19 Screening Result" preserve="true" xsi:type="ValueSetRef"/>
               </expression>
            </source>
            <where localId="60" locator="40:5-42:54" xsi:type="And">
               <operand localId="55" locator="40:11-41:62" xsi:type="And">
                  <operand localId="47" locator="40:11-40:80" xsi:type="Exists">
                     <operand localId="46" locator="40:18-40:80" xsi:type="Query">
                        <source localId="42" locator="40:19-40:35" alias="C">
                           <expression localId="41" locator="40:19-40:33" path="category" scope="Result" xsi:type="Property"/>
                        </source>
                        <where localId="45" locator="40:37-40:79" xsi:type="Equivalent">
                           <operand name="ToConcept" libraryName="FHIRHelpers" xsi:type="FunctionRef">
                              <operand localId="43" locator="40:43" name="C" xsi:type="AliasRef"/>
                           </operand>
                           <operand xsi:type="ToConcept">
                              <operand localId="44" locator="40:47-40:79" name="Laboratory Observation Category" xsi:type="CodeRef"/>
                           </operand>
                        </where>
                     </operand>
                  </operand>
                  <operand localId="54" locator="41:11-41:62" xsi:type="In">
                     <operand name="ToString" libraryName="FHIRHelpers" xsi:type="FunctionRef">
                        <operand localId="49" locator="41:11-41:23" path="status" scope="Result" xsi:type="Property"/>
                     </operand>
                     <operand localId="53" locator="41:28-41:62" xsi:type="List">
                        <element localId="50" locator="41:30-41:36" valueType="t:String" value="final" xsi:type="Literal"/>
                        <element localId="51" locator="41:39-41:47" valueType="t:String" value="amended" xsi:type="Literal"/>
                        <element localId="52" locator="41:50-41:60" valueType="t:String" value="corrected" xsi:type="Literal"/>
                     </operand>
                  </operand>
               </operand>
               <operand localId="59" locator="42:11-42:54" xsi:type="IncludedIn">
                  <operand name="ToInterval" libraryName="FHIRHelpers" xsi:type="FunctionRef">
                     <operand asType="fhir:Period" xsi:type="As">
                        <operand localId="57" locator="42:11-42:26" path="effective" scope="Result" xsi:type="Property"/>
                     </operand>
                  </operand>
                  <operand localId="58" locator="42:35-42:54" name="Measurement Period" xsi:type="ParameterRef"/>
               </operand>
            </where>
         </expression>
      </def>
      <def localId="65" locator="44:1-45:52" name="Numerator" context="Patient" accessLevel="Public">
         <annotation xsi:type="a:Annotation">
            <a:s r="65">
               <a:s>define &quot;Numerator&quot;:
  </a:s>
               <a:s r="64">
                  <a:s>exists </a:s>
                  <a:s r="63">
                     <a:s>(</a:s>
                     <a:s r="63">
                        <a:s>&quot;COVID-19 Communicable Disease Screening&quot;</a:s>
                     </a:s>
                     <a:s>)</a:s>
                  </a:s>
               </a:s>
            </a:s>
         </annotation>
         <expression localId="64" locator="45:3-45:52" xsi:type="Exists">
            <operand localId="63" locator="45:10-45:52" name="COVID-19 Communicable Disease Screening" xsi:type="ExpressionRef"/>
         </expression>
      </def>
   </statements>
</library>
